graph_seed,policy,metric,mean,n_students
1,B1_random,m_calib,0.175845,1000
1,B1_random,m_efficiency,0.003423,1000
1,B1_random,m_engage,0.852580,1000
1,B1_random,m_hint,-0.819281,1000
1,B1_random,m_inference_robust,0.220038,265
1,B1_random,m_mastery,0.342266,1000
1,B1_random,m_meta,0.028871,1000
1,B1_random,m_retention_14d,-0.386250,1000
1,B1_random,m_retention_1d,-0.042250,1000
1,B1_random,m_retention_3d,-0.113500,1000
1,B1_random,m_retention_7d,-0.228250,1000
1,B1_random,m_robust,0.500255,342
1,B1_random,m_transfer,0.765875,1000
1,B2_bkt,m_calib,0.141262,1000
1,B2_bkt,m_efficiency,0.003675,1000
1,B2_bkt,m_engage,1.000000,1000
1,B2_bkt,m_hint,0.000000,1000
1,B2_bkt,m_inference_robust,0.220183,265
1,B2_bkt,m_mastery,0.367495,1000
1,B2_bkt,m_meta,0.035125,1000
1,B2_bkt,m_retention_14d,-0.370500,1000
1,B2_bkt,m_retention_1d,-0.032500,1000
1,B2_bkt,m_retention_3d,-0.103625,1000
1,B2_bkt,m_retention_7d,-0.225375,1000
1,B2_bkt,m_transfer,0.746250,1000
1,B3_l2t_no_q,m_calib,0.150506,1000
1,B3_l2t_no_q,m_efficiency,0.003807,1000
1,B3_l2t_no_q,m_engage,0.824570,1000
1,B3_l2t_no_q,m_hint,-0.087592,1000
1,B3_l2t_no_q,m_inference_robust,0.164574,265
1,B3_l2t_no_q,m_mastery,0.380746,1000
1,B3_l2t_no_q,m_meta,0.028325,1000
1,B3_l2t_no_q,m_retention_14d,-0.386000,1000
1,B3_l2t_no_q,m_retention_1d,-0.041500,1000
1,B3_l2t_no_q,m_retention_3d,-0.113625,1000
1,B3_l2t_no_q,m_retention_7d,-0.230750,1000
1,B3_l2t_no_q,m_robust,0.898291,118
1,B3_l2t_no_q,m_transfer,0.770250,1000
1,B4_full_l2t,m_calib,0.171302,1000
1,B4_full_l2t,m_efficiency,0.003836,1000
1,B4_full_l2t,m_engage,0.834780,1000
1,B4_full_l2t,m_hint,-0.086697,1000
1,B4_full_l2t,m_inference_robust,0.252005,265
1,B4_full_l2t,m_mastery,0.383605,1000
1,B4_full_l2t,m_meta,0.031626,1000
1,B4_full_l2t,m_retention_14d,-0.381875,1000
1,B4_full_l2t,m_retention_1d,-0.043000,1000
1,B4_full_l2t,m_retention_3d,-0.116500,1000
1,B4_full_l2t,m_retention_7d,-0.223000,1000
1,B4_full_l2t,m_robust,0.848485,33
1,B4_full_l2t,m_transfer,0.768000,1000
2,B1_random,m_calib,0.173094,1000
2,B1_random,m_efficiency,0.003332,1000
2,B1_random,m_engage,0.852580,1000
2,B1_random,m_hint,-0.819281,1000
2,B1_random,m_inference_robust,0.218723,265
2,B1_random,m_mastery,0.333240,1000
2,B1_random,m_meta,0.028501,1000
2,B1_random,m_retention_14d,-0.370125,1000
2,B1_random,m_retention_1d,-0.035750,1000
2,B1_random,m_retention_3d,-0.110250,1000
2,B1_random,m_retention_7d,-0.218875,1000
2,B1_random,m_robust,0.470666,350
2,B1_random,m_transfer,0.753625,1000
2,B2_bkt,m_calib,0.129308,1000
2,B2_bkt,m_efficiency,0.003833,1000
2,B2_bkt,m_engage,1.000000,1000
2,B2_bkt,m_hint,0.000000,1000
2,B2_bkt,m_inference_robust,0.234502,265
2,B2_bkt,m_mastery,0.383324,1000
2,B2_bkt,m_meta,0.022876,1000
2,B2_bkt,m_retention_14d,-0.382000,1000
2,B2_bkt,m_retention_1d,-0.034125,1000
2,B2_bkt,m_retention_3d,-0.101125,1000
2,B2_bkt,m_retention_7d,-0.223750,1000
2,B2_bkt,m_transfer,0.751750,1000
2,B3_l2t_no_q,m_calib,0.140380,1000
2,B3_l2t_no_q,m_efficiency,0.003839,1000
2,B3_l2t_no_q,m_engage,0.819890,1000
2,B3_l2t_no_q,m_hint,-0.095852,1000
2,B3_l2t_no_q,m_inference_robust,0.164951,265
2,B3_l2t_no_q,m_mastery,0.383857,1000
2,B3_l2t_no_q,m_meta,0.018963,1000
2,B3_l2t_no_q,m_retention_14d,-0.388750,1000
2,B3_l2t_no_q,m_retention_1d,-0.031750,1000
2,B3_l2t_no_q,m_retention_3d,-0.115250,1000
2,B3_l2t_no_q,m_retention_7d,-0.225375,1000
2,B3_l2t_no_q,m_robust,0.885082,173
2,B3_l2t_no_q,m_transfer,0.766750,1000
2,B4_full_l2t,m_calib,0.165484,1000
2,B4_full_l2t,m_efficiency,0.003862,1000
2,B4_full_l2t,m_engage,0.831540,1000
2,B4_full_l2t,m_hint,-0.095016,1000
2,B4_full_l2t,m_inference_robust,0.254886,265
2,B4_full_l2t,m_mastery,0.386188,1000
2,B4_full_l2t,m_meta,0.020740,1000
2,B4_full_l2t,m_retention_14d,-0.393000,1000
2,B4_full_l2t,m_retention_1d,-0.040125,1000
2,B4_full_l2t,m_retention_3d,-0.117625,1000
2,B4_full_l2t,m_retention_7d,-0.231000,1000
2,B4_full_l2t,m_robust,0.877358,53
2,B4_full_l2t,m_transfer,0.771625,1000
3,B1_random,m_calib,0.172892,1000
3,B1_random,m_efficiency,0.003425,1000
3,B1_random,m_engage,0.852580,1000
3,B1_random,m_hint,-0.819281,1000
3,B1_random,m_inference_robust,0.210981,265
3,B1_random,m_mastery,0.342492,1000
3,B1_random,m_meta,0.041673,1000
3,B1_random,m_retention_14d,-0.386625,1000
3,B1_random,m_retention_1d,-0.037500,1000
3,B1_random,m_retention_3d,-0.114500,1000
3,B1_random,m_retention_7d,-0.227250,1000
3,B1_random,m_robust,0.480507,341
3,B1_random,m_transfer,0.762125,1000
3,B2_bkt,m_calib,0.134720,1000
3,B2_bkt,m_efficiency,0.003790,1000
3,B2_bkt,m_engage,1.000000,1000
3,B2_bkt,m_hint,0.000000,1000
3,B2_bkt,m_inference_robust,0.218414,265
3,B2_bkt,m_mastery,0.378964,1000
3,B2_bkt,m_meta,0.073884,1000
3,B2_bkt,m_retention_14d,-0.380375,1000
3,B2_bkt,m_retention_1d,-0.037375,1000
3,B2_bkt,m_retention_3d,-0.099375,1000
3,B2_bkt,m_retention_7d,-0.222500,1000
3,B2_bkt,m_transfer,0.754500,1000
3,B3_l2t_no_q,m_calib,0.146703,1000
3,B3_l2t_no_q,m_efficiency,0.003817,1000
3,B3_l2t_no_q,m_engage,0.825820,1000
3,B3_l2t_no_q,m_hint,-0.089112,1000
3,B3_l2t_no_q,m_inference_robust,0.152512,265
3,B3_l2t_no_q,m_mastery,0.381685,1000
3,B3_l2t_no_q,m_meta,0.064219,1000
3,B3_l2t_no_q,m_retention_14d,-0.403125,1000
3,B3_l2t_no_q,m_retention_1d,-0.041625,1000
3,B3_l2t_no_q,m_retention_3d,-0.114125,1000
3,B3_l2t_no_q,m_retention_7d,-0.228625,1000
3,B3_l2t_no_q,m_robust,0.885234,145
3,B3_l2t_no_q,m_transfer,0.770750,1000
3,B4_full_l2t,m_calib,0.172845,1000
3,B4_full_l2t,m_efficiency,0.003837,1000
3,B4_full_l2t,m_engage,0.836750,1000
3,B4_full_l2t,m_hint,-0.088009,1000
3,B4_full_l2t,m_inference_robust,0.248758,265
3,B4_full_l2t,m_mastery,0.383738,1000
3,B4_full_l2t,m_meta,0.068239,1000
3,B4_full_l2t,m_retention_14d,-0.390125,1000
3,B4_full_l2t,m_retention_1d,-0.043250,1000
3,B4_full_l2t,m_retention_3d,-0.106125,1000
3,B4_full_l2t,m_retention_7d,-0.227000,1000
3,B4_full_l2t,m_robust,0.896226,53
3,B4_full_l2t,m_transfer,0.767750,1000
4,B1_random,m_calib,0.181194,1000
4,B1_random,m_efficiency,0.003090,1000
4,B1_random,m_engage,0.852580,1000
4,B1_random,m_hint,-0.819281,1000
4,B1_random,m_inference_robust,0.204445,265
4,B1_random,m_mastery,0.309036,1000
4,B1_random,m_meta,0.045805,1000
4,B1_random,m_retention_14d,-0.377250,1000
4,B1_random,m_retention_1d,-0.033750,1000
4,B1_random,m_retention_3d,-0.107125,1000
4,B1_random,m_retention_7d,-0.222125,1000
4,B1_random,m_robust,0.486586,335
4,B1_random,m_transfer,0.748375,1000
4,B2_bkt,m_calib,0.146790,1000
4,B2_bkt,m_efficiency,0.003632,1000
4,B2_bkt,m_engage,1.000000,1000
4,B2_bkt,m_hint,0.000000,1000
4,B2_bkt,m_inference_robust,0.204785,265
4,B2_bkt,m_mastery,0.363216,1000
4,B2_bkt,m_meta,0.060950,1000
4,B2_bkt,m_retention_14d,-0.368250,1000
4,B2_bkt,m_retention_1d,-0.032750,1000
4,B2_bkt,m_retention_3d,-0.090250,1000
4,B2_bkt,m_retention_7d,-0.210250,1000
4,B2_bkt,m_transfer,0.737375,1000
4,B3_l2t_no_q,m_calib,0.159446,1000
4,B3_l2t_no_q,m_efficiency,0.003757,1000
4,B3_l2t_no_q,m_engage,0.842870,1000
4,B3_l2t_no_q,m_hint,-0.104965,1000
4,B3_l2t_no_q,m_inference_robust,0.158133,265
4,B3_l2t_no_q,m_mastery,0.375700,1000
4,B3_l2t_no_q,m_meta,0.052560,1000
4,B3_l2t_no_q,m_retention_14d,-0.390000,1000
4,B3_l2t_no_q,m_retention_1d,-0.036500,1000
4,B3_l2t_no_q,m_retention_3d,-0.111375,1000
4,B3_l2t_no_q,m_retention_7d,-0.237500,1000
4,B3_l2t_no_q,m_robust,0.844354,64
4,B3_l2t_no_q,m_transfer,0.765875,1000
4,B4_full_l2t,m_calib,0.187292,1000
4,B4_full_l2t,m_efficiency,0.003798,1000
4,B4_full_l2t,m_engage,0.851410,1000
4,B4_full_l2t,m_hint,-0.103848,1000
4,B4_full_l2t,m_inference_robust,0.255777,265
4,B4_full_l2t,m_mastery,0.379819,1000
4,B4_full_l2t,m_meta,0.054392,1000
4,B4_full_l2t,m_retention_14d,-0.387250,1000
4,B4_full_l2t,m_retention_1d,-0.045000,1000
4,B4_full_l2t,m_retention_3d,-0.104625,1000
4,B4_full_l2t,m_retention_7d,-0.224125,1000
4,B4_full_l2t,m_robust,0.944444,18
4,B4_full_l2t,m_transfer,0.762625,1000
5,B1_random,m_calib,0.169881,1000
5,B1_random,m_efficiency,0.003297,1000
5,B1_random,m_engage,0.852580,1000
5,B1_random,m_hint,-0.819281,1000
5,B1_random,m_inference_robust,0.206062,265
5,B1_random,m_mastery,0.329705,1000
5,B1_random,m_meta,0.034931,1000
5,B1_random,m_retention_14d,-0.373500,1000
5,B1_random,m_retention_1d,-0.036375,1000
5,B1_random,m_retention_3d,-0.098875,1000
5,B1_random,m_retention_7d,-0.220375,1000
5,B1_random,m_robust,0.473549,340
5,B1_random,m_transfer,0.743750,1000
5,B2_bkt,m_calib,0.134835,1000
5,B2_bkt,m_efficiency,0.003755,1000
5,B2_bkt,m_engage,1.000000,1000
5,B2_bkt,m_hint,0.000000,1000
5,B2_bkt,m_inference_robust,0.213824,265
5,B2_bkt,m_mastery,0.375508,1000
5,B2_bkt,m_meta,0.065818,1000
5,B2_bkt,m_retention_14d,-0.372625,1000
5,B2_bkt,m_retention_1d,-0.035125,1000
5,B2_bkt,m_retention_3d,-0.103125,1000
5,B2_bkt,m_retention_7d,-0.213625,1000
5,B2_bkt,m_transfer,0.747125,1000
5,B3_l2t_no_q,m_calib,0.148630,1000
5,B3_l2t_no_q,m_efficiency,0.003891,1000
5,B3_l2t_no_q,m_engage,0.827520,1000
5,B3_l2t_no_q,m_hint,-0.095534,1000
5,B3_l2t_no_q,m_inference_robust,0.171038,265
5,B3_l2t_no_q,m_mastery,0.389082,1000
5,B3_l2t_no_q,m_meta,0.057826,1000
5,B3_l2t_no_q,m_retention_14d,-0.397875,1000
5,B3_l2t_no_q,m_retention_1d,-0.041500,1000
5,B3_l2t_no_q,m_retention_3d,-0.111125,1000
5,B3_l2t_no_q,m_retention_7d,-0.227375,1000
5,B3_l2t_no_q,m_robust,0.877122,110
5,B3_l2t_no_q,m_transfer,0.766250,1000
5,B4_full_l2t,m_calib,0.176357,1000
5,B4_full_l2t,m_efficiency,0.003907,1000
5,B4_full_l2t,m_engage,0.838550,1000
5,B4_full_l2t,m_hint,-0.094911,1000
5,B4_full_l2t,m_inference_robust,0.256390,265
5,B4_full_l2t,m_mastery,0.390715,1000
5,B4_full_l2t,m_meta,0.061363,1000
5,B4_full_l2t,m_retention_14d,-0.389125,1000
5,B4_full_l2t,m_retention_1d,-0.044875,1000
5,B4_full_l2t,m_retention_3d,-0.112625,1000
5,B4_full_l2t,m_retention_7d,-0.227625,1000
5,B4_full_l2t,m_robust,0.857143,28
5,B4_full_l2t,m_transfer,0.769000,1000
6,B1_random,m_calib,0.171737,1000
6,B1_random,m_efficiency,0.003120,1000
6,B1_random,m_engage,0.852580,1000
6,B1_random,m_hint,-0.819281,1000
6,B1_random,m_inference_robust,0.204793,265
6,B1_random,m_mastery,0.311977,1000
6,B1_random,m_meta,0.043073,1000
6,B1_random,m_retention_14d,-0.373250,1000
6,B1_random,m_retention_1d,-0.042250,1000
6,B1_random,m_retention_3d,-0.108500,1000
6,B1_random,m_retention_7d,-0.225375,1000
6,B1_random,m_robust,0.457522,335
6,B1_random,m_transfer,0.745625,1000
6,B2_bkt,m_calib,0.138154,1000
6,B2_bkt,m_efficiency,0.003550,1000
6,B2_bkt,m_engage,1.000000,1000
6,B2_bkt,m_hint,0.000000,1000
6,B2_bkt,m_inference_robust,0.174944,265
6,B2_bkt,m_mastery,0.354963,1000
6,B2_bkt,m_meta,0.081820,1000
6,B2_bkt,m_retention_14d,-0.381000,1000
6,B2_bkt,m_retention_1d,-0.039375,1000
6,B2_bkt,m_retention_3d,-0.103000,1000
6,B2_bkt,m_retention_7d,-0.222375,1000
6,B2_bkt,m_transfer,0.745625,1000
6,B3_l2t_no_q,m_calib,0.150861,1000
6,B3_l2t_no_q,m_efficiency,0.003749,1000
6,B3_l2t_no_q,m_engage,0.831220,1000
6,B3_l2t_no_q,m_hint,-0.096512,1000
6,B3_l2t_no_q,m_inference_robust,0.140140,265
6,B3_l2t_no_q,m_mastery,0.374947,1000
6,B3_l2t_no_q,m_meta,0.055203,1000
6,B3_l2t_no_q,m_retention_14d,-0.399250,1000
6,B3_l2t_no_q,m_retention_1d,-0.031250,1000
6,B3_l2t_no_q,m_retention_3d,-0.114625,1000
6,B3_l2t_no_q,m_retention_7d,-0.229500,1000
6,B3_l2t_no_q,m_robust,0.867991,126
6,B3_l2t_no_q,m_transfer,0.767250,1000
6,B4_full_l2t,m_calib,0.175260,1000
6,B4_full_l2t,m_efficiency,0.003750,1000
6,B4_full_l2t,m_engage,0.842210,1000
6,B4_full_l2t,m_hint,-0.098326,1000
6,B4_full_l2t,m_inference_robust,0.238600,265
6,B4_full_l2t,m_mastery,0.374984,1000
6,B4_full_l2t,m_meta,0.061180,1000
6,B4_full_l2t,m_retention_14d,-0.394125,1000
6,B4_full_l2t,m_retention_1d,-0.038000,1000
6,B4_full_l2t,m_retention_3d,-0.118375,1000
6,B4_full_l2t,m_retention_7d,-0.237500,1000
6,B4_full_l2t,m_robust,0.794118,34
6,B4_full_l2t,m_transfer,0.769875,1000
7,B1_random,m_calib,0.174737,1000
7,B1_random,m_efficiency,0.003148,1000
7,B1_random,m_engage,0.852580,1000
7,B1_random,m_hint,-0.819281,1000
7,B1_random,m_inference_robust,0.205800,265
7,B1_random,m_mastery,0.314752,1000
7,B1_random,m_meta,0.035960,1000
7,B1_random,m_retention_14d,-0.372875,1000
7,B1_random,m_retention_1d,-0.038125,1000
7,B1_random,m_retention_3d,-0.104125,1000
7,B1_random,m_retention_7d,-0.217625,1000
7,B1_random,m_robust,0.482746,355
7,B1_random,m_transfer,0.758000,1000
7,B2_bkt,m_calib,0.130278,1000
7,B2_bkt,m_efficiency,0.003799,1000
7,B2_bkt,m_engage,1.000000,1000
7,B2_bkt,m_hint,0.000000,1000
7,B2_bkt,m_inference_robust,0.214268,265
7,B2_bkt,m_mastery,0.379915,1000
7,B2_bkt,m_meta,0.048959,1000
7,B2_bkt,m_retention_14d,-0.386750,1000
7,B2_bkt,m_retention_1d,-0.035625,1000
7,B2_bkt,m_retention_3d,-0.095500,1000
7,B2_bkt,m_retention_7d,-0.219875,1000
7,B2_bkt,m_transfer,0.751750,1000
7,B3_l2t_no_q,m_calib,0.152518,1000
7,B3_l2t_no_q,m_efficiency,0.003795,1000
7,B3_l2t_no_q,m_engage,0.827570,1000
7,B3_l2t_no_q,m_hint,-0.095127,1000
7,B3_l2t_no_q,m_inference_robust,0.164173,265
7,B3_l2t_no_q,m_mastery,0.379524,1000
7,B3_l2t_no_q,m_meta,0.030438,1000
7,B3_l2t_no_q,m_retention_14d,-0.387125,1000
7,B3_l2t_no_q,m_retention_1d,-0.038000,1000
7,B3_l2t_no_q,m_retention_3d,-0.115625,1000
7,B3_l2t_no_q,m_retention_7d,-0.231500,1000
7,B3_l2t_no_q,m_robust,0.890639,119
7,B3_l2t_no_q,m_transfer,0.767875,1000
7,B4_full_l2t,m_calib,0.180550,1000
7,B4_full_l2t,m_efficiency,0.003836,1000
7,B4_full_l2t,m_engage,0.839160,1000
7,B4_full_l2t,m_hint,-0.096191,1000
7,B4_full_l2t,m_inference_robust,0.258386,265
7,B4_full_l2t,m_mastery,0.383618,1000
7,B4_full_l2t,m_meta,0.034336,1000
7,B4_full_l2t,m_retention_14d,-0.392500,1000
7,B4_full_l2t,m_retention_1d,-0.030125,1000
7,B4_full_l2t,m_retention_3d,-0.112375,1000
7,B4_full_l2t,m_retention_7d,-0.223250,1000
7,B4_full_l2t,m_robust,0.967742,31
7,B4_full_l2t,m_transfer,0.765500,1000
8,B1_random,m_calib,0.177824,1000
8,B1_random,m_efficiency,0.003246,1000
8,B1_random,m_engage,0.852580,1000
8,B1_random,m_hint,-0.819281,1000
8,B1_random,m_inference_robust,0.206010,265
8,B1_random,m_mastery,0.324636,1000
8,B1_random,m_meta,0.032007,1000
8,B1_random,m_retention_14d,-0.377875,1000
8,B1_random,m_retention_1d,-0.034375,1000
8,B1_random,m_retention_3d,-0.107750,1000
8,B1_random,m_retention_7d,-0.230000,1000
8,B1_random,m_robust,0.485416,350
8,B1_random,m_transfer,0.759500,1000
8,B2_bkt,m_calib,0.136780,1000
8,B2_bkt,m_efficiency,0.003613,1000
8,B2_bkt,m_engage,1.000000,1000
8,B2_bkt,m_hint,0.000000,1000
8,B2_bkt,m_inference_robust,0.190175,265
8,B2_bkt,m_mastery,0.361257,1000
8,B2_bkt,m_meta,0.045023,1000
8,B2_bkt,m_retention_14d,-0.378125,1000
8,B2_bkt,m_retention_1d,-0.042750,1000
8,B2_bkt,m_retention_3d,-0.107500,1000
8,B2_bkt,m_retention_7d,-0.224000,1000
8,B2_bkt,m_transfer,0.750875,1000
8,B3_l2t_no_q,m_calib,0.146964,1000
8,B3_l2t_no_q,m_efficiency,0.003740,1000
8,B3_l2t_no_q,m_engage,0.825760,1000
8,B3_l2t_no_q,m_hint,-0.094940,1000
8,B3_l2t_no_q,m_inference_robust,0.140979,265
8,B3_l2t_no_q,m_mastery,0.373998,1000
8,B3_l2t_no_q,m_meta,0.027574,1000
8,B3_l2t_no_q,m_retention_14d,-0.382375,1000
8,B3_l2t_no_q,m_retention_1d,-0.040500,1000
8,B3_l2t_no_q,m_retention_3d,-0.116125,1000
8,B3_l2t_no_q,m_retention_7d,-0.219500,1000
8,B3_l2t_no_q,m_robust,0.865707,117
8,B3_l2t_no_q,m_transfer,0.762500,1000
8,B4_full_l2t,m_calib,0.173767,1000
8,B4_full_l2t,m_efficiency,0.003811,1000
8,B4_full_l2t,m_engage,0.837390,1000
8,B4_full_l2t,m_hint,-0.092429,1000
8,B4_full_l2t,m_inference_robust,0.237271,265
8,B4_full_l2t,m_mastery,0.381132,1000
8,B4_full_l2t,m_meta,0.028401,1000
8,B4_full_l2t,m_retention_14d,-0.386750,1000
8,B4_full_l2t,m_retention_1d,-0.025375,1000
8,B4_full_l2t,m_retention_3d,-0.104875,1000
8,B4_full_l2t,m_retention_7d,-0.229750,1000
8,B4_full_l2t,m_robust,0.941176,34
8,B4_full_l2t,m_transfer,0.763875,1000
9,B1_random,m_calib,0.173100,1000
9,B1_random,m_efficiency,0.003179,1000
9,B1_random,m_engage,0.852580,1000
9,B1_random,m_hint,-0.819281,1000
9,B1_random,m_inference_robust,0.195759,265
9,B1_random,m_mastery,0.317894,1000
9,B1_random,m_meta,0.031024,1000
9,B1_random,m_retention_14d,-0.371375,1000
9,B1_random,m_retention_1d,-0.032500,1000
9,B1_random,m_retention_3d,-0.095875,1000
9,B1_random,m_retention_7d,-0.219500,1000
9,B1_random,m_robust,0.467602,359
9,B1_random,m_transfer,0.746250,1000
9,B2_bkt,m_calib,0.129464,1000
9,B2_bkt,m_efficiency,0.003635,1000
9,B2_bkt,m_engage,1.000000,1000
9,B2_bkt,m_hint,0.000000,1000
9,B2_bkt,m_inference_robust,0.188590,265
9,B2_bkt,m_mastery,0.363451,1000
9,B2_bkt,m_meta,0.045484,1000
9,B2_bkt,m_retention_14d,-0.382500,1000
9,B2_bkt,m_retention_1d,-0.033625,1000
9,B2_bkt,m_retention_3d,-0.100375,1000
9,B2_bkt,m_retention_7d,-0.222125,1000
9,B2_bkt,m_transfer,0.751625,1000
9,B3_l2t_no_q,m_calib,0.143088,1000
9,B3_l2t_no_q,m_efficiency,0.003728,1000
9,B3_l2t_no_q,m_engage,0.823340,1000
9,B3_l2t_no_q,m_hint,-0.091671,1000
9,B3_l2t_no_q,m_inference_robust,0.147848,265
9,B3_l2t_no_q,m_mastery,0.372806,1000
9,B3_l2t_no_q,m_meta,0.047901,1000
9,B3_l2t_no_q,m_retention_14d,-0.381000,1000
9,B3_l2t_no_q,m_retention_1d,-0.031000,1000
9,B3_l2t_no_q,m_retention_3d,-0.103625,1000
9,B3_l2t_no_q,m_retention_7d,-0.217375,1000
9,B3_l2t_no_q,m_robust,0.861201,140
9,B3_l2t_no_q,m_transfer,0.761875,1000
9,B4_full_l2t,m_calib,0.163334,1000
9,B4_full_l2t,m_efficiency,0.003749,1000
9,B4_full_l2t,m_engage,0.835100,1000
9,B4_full_l2t,m_hint,-0.090829,1000
9,B4_full_l2t,m_inference_robust,0.231125,265
9,B4_full_l2t,m_mastery,0.374938,1000
9,B4_full_l2t,m_meta,0.052443,1000
9,B4_full_l2t,m_retention_14d,-0.392875,1000
9,B4_full_l2t,m_retention_1d,-0.039250,1000
9,B4_full_l2t,m_retention_3d,-0.113875,1000
9,B4_full_l2t,m_retention_7d,-0.227750,1000
9,B4_full_l2t,m_robust,0.826923,52
9,B4_full_l2t,m_transfer,0.769250,1000
10,B1_random,m_calib,0.178460,1000
10,B1_random,m_efficiency,0.003259,1000
10,B1_random,m_engage,0.852580,1000
10,B1_random,m_hint,-0.819281,1000
10,B1_random,m_inference_robust,0.207044,265
10,B1_random,m_mastery,0.325880,1000
10,B1_random,m_meta,0.037363,1000
10,B1_random,m_retention_14d,-0.374500,1000
10,B1_random,m_retention_1d,-0.040875,1000
10,B1_random,m_retention_3d,-0.109000,1000
10,B1_random,m_retention_7d,-0.223125,1000
10,B1_random,m_robust,0.474327,344
10,B1_random,m_transfer,0.756625,1000
10,B2_bkt,m_calib,0.137705,1000
10,B2_bkt,m_efficiency,0.003685,1000
10,B2_bkt,m_engage,1.000000,1000
10,B2_bkt,m_hint,0.000000,1000
10,B2_bkt,m_inference_robust,0.203532,265
10,B2_bkt,m_mastery,0.368484,1000
10,B2_bkt,m_meta,0.059795,1000
10,B2_bkt,m_retention_14d,-0.386375,1000
10,B2_bkt,m_retention_1d,-0.035750,1000
10,B2_bkt,m_retention_3d,-0.109000,1000
10,B2_bkt,m_retention_7d,-0.218625,1000
10,B2_bkt,m_transfer,0.750125,1000
10,B3_l2t_no_q,m_calib,0.154965,1000
10,B3_l2t_no_q,m_efficiency,0.003820,1000
10,B3_l2t_no_q,m_engage,0.831560,1000
10,B3_l2t_no_q,m_hint,-0.093087,1000
10,B3_l2t_no_q,m_inference_robust,0.157457,265
10,B3_l2t_no_q,m_mastery,0.382028,1000
10,B3_l2t_no_q,m_meta,0.052277,1000
10,B3_l2t_no_q,m_retention_14d,-0.394250,1000
10,B3_l2t_no_q,m_retention_1d,-0.041250,1000
10,B3_l2t_no_q,m_retention_3d,-0.115875,1000
10,B3_l2t_no_q,m_retention_7d,-0.240000,1000
10,B3_l2t_no_q,m_robust,0.891107,131
10,B3_l2t_no_q,m_transfer,0.771875,1000
10,B4_full_l2t,m_calib,0.179022,1000
10,B4_full_l2t,m_efficiency,0.003802,1000
10,B4_full_l2t,m_engage,0.842440,1000
10,B4_full_l2t,m_hint,-0.093002,1000
10,B4_full_l2t,m_inference_robust,0.249365,265
10,B4_full_l2t,m_mastery,0.380201,1000
10,B4_full_l2t,m_meta,0.059511,1000
10,B4_full_l2t,m_retention_14d,-0.395875,1000
10,B4_full_l2t,m_retention_1d,-0.037750,1000
10,B4_full_l2t,m_retention_3d,-0.109125,1000
10,B4_full_l2t,m_retention_7d,-0.240375,1000
10,B4_full_l2t,m_robust,0.840000,25
10,B4_full_l2t,m_transfer,0.770250,1000
11,B1_random,m_calib,0.169720,1000
11,B1_random,m_efficiency,0.003285,1000
11,B1_random,m_engage,0.852580,1000
11,B1_random,m_hint,-0.819281,1000
11,B1_random,m_inference_robust,0.194464,265
11,B1_random,m_mastery,0.328494,1000
11,B1_random,m_meta,0.037356,1000
11,B1_random,m_retention_14d,-0.382375,1000
11,B1_random,m_retention_1d,-0.037875,1000
11,B1_random,m_retention_3d,-0.110625,1000
11,B1_random,m_retention_7d,-0.220625,1000
11,B1_random,m_robust,0.483102,348
11,B1_random,m_transfer,0.752875,1000
11,B2_bkt,m_calib,0.129765,1000
11,B2_bkt,m_efficiency,0.003646,1000
11,B2_bkt,m_engage,1.000000,1000
11,B2_bkt,m_hint,0.000000,1000
11,B2_bkt,m_inference_robust,0.182693,265
11,B2_bkt,m_mastery,0.364626,1000
11,B2_bkt,m_meta,0.060508,1000
11,B2_bkt,m_retention_14d,-0.380250,1000
11,B2_bkt,m_retention_1d,-0.035000,1000
11,B2_bkt,m_retention_3d,-0.096375,1000
11,B2_bkt,m_retention_7d,-0.215000,1000
11,B2_bkt,m_transfer,0.743000,1000
11,B3_l2t_no_q,m_calib,0.143491,1000
11,B3_l2t_no_q,m_efficiency,0.003685,1000
11,B3_l2t_no_q,m_engage,0.817300,1000
11,B3_l2t_no_q,m_hint,-0.092469,1000
11,B3_l2t_no_q,m_inference_robust,0.135505,265
11,B3_l2t_no_q,m_mastery,0.368537,1000
11,B3_l2t_no_q,m_meta,0.049855,1000
11,B3_l2t_no_q,m_retention_14d,-0.393625,1000
11,B3_l2t_no_q,m_retention_1d,-0.042625,1000
11,B3_l2t_no_q,m_retention_3d,-0.117125,1000
11,B3_l2t_no_q,m_retention_7d,-0.231250,1000
11,B3_l2t_no_q,m_robust,0.886759,153
11,B3_l2t_no_q,m_transfer,0.771875,1000
11,B4_full_l2t,m_calib,0.168266,1000
11,B4_full_l2t,m_efficiency,0.003686,1000
11,B4_full_l2t,m_engage,0.829030,1000
11,B4_full_l2t,m_hint,-0.090652,1000
11,B4_full_l2t,m_inference_robust,0.220122,265
11,B4_full_l2t,m_mastery,0.368639,1000
11,B4_full_l2t,m_meta,0.055227,1000
11,B4_full_l2t,m_retention_14d,-0.384625,1000
11,B4_full_l2t,m_retention_1d,-0.041250,1000
11,B4_full_l2t,m_retention_3d,-0.116375,1000
11,B4_full_l2t,m_retention_7d,-0.227750,1000
11,B4_full_l2t,m_robust,0.914894,47
11,B4_full_l2t,m_transfer,0.767625,1000
12,B1_random,m_calib,0.164847,1000
12,B1_random,m_efficiency,0.003555,1000
12,B1_random,m_engage,0.852580,1000
12,B1_random,m_hint,-0.819281,1000
12,B1_random,m_inference_robust,0.191282,265
12,B1_random,m_mastery,0.355486,1000
12,B1_random,m_meta,0.028182,1000
12,B1_random,m_retention_14d,-0.383750,1000
12,B1_random,m_retention_1d,-0.044125,1000
12,B1_random,m_retention_3d,-0.119125,1000
12,B1_random,m_retention_7d,-0.233000,1000
12,B1_random,m_robust,0.467719,330
12,B1_random,m_transfer,0.763625,1000
12,B2_bkt,m_calib,0.130047,1000
12,B2_bkt,m_efficiency,0.003719,1000
12,B2_bkt,m_engage,1.000000,1000
12,B2_bkt,m_hint,0.000000,1000
12,B2_bkt,m_inference_robust,0.180857,265
12,B2_bkt,m_mastery,0.371902,1000
12,B2_bkt,m_meta,0.065705,1000
12,B2_bkt,m_retention_14d,-0.376500,1000
12,B2_bkt,m_retention_1d,-0.035625,1000
12,B2_bkt,m_retention_3d,-0.104500,1000
12,B2_bkt,m_retention_7d,-0.218500,1000
12,B2_bkt,m_transfer,0.756125,1000
12,B3_l2t_no_q,m_calib,0.143433,1000
12,B3_l2t_no_q,m_efficiency,0.003837,1000
12,B3_l2t_no_q,m_engage,0.819370,1000
12,B3_l2t_no_q,m_hint,-0.088256,1000
12,B3_l2t_no_q,m_inference_robust,0.145794,265
12,B3_l2t_no_q,m_mastery,0.383701,1000
12,B3_l2t_no_q,m_meta,0.039736,1000
12,B3_l2t_no_q,m_retention_14d,-0.397375,1000
12,B3_l2t_no_q,m_retention_1d,-0.039000,1000
12,B3_l2t_no_q,m_retention_3d,-0.118125,1000
12,B3_l2t_no_q,m_retention_7d,-0.230750,1000
12,B3_l2t_no_q,m_robust,0.893918,187
12,B3_l2t_no_q,m_transfer,0.771625,1000
12,B4_full_l2t,m_calib,0.166634,1000
12,B4_full_l2t,m_efficiency,0.003843,1000
12,B4_full_l2t,m_engage,0.831780,1000
12,B4_full_l2t,m_hint,-0.086125,1000
12,B4_full_l2t,m_inference_robust,0.240224,265
12,B4_full_l2t,m_mastery,0.384280,1000
12,B4_full_l2t,m_meta,0.043563,1000
12,B4_full_l2t,m_retention_14d,-0.393375,1000
12,B4_full_l2t,m_retention_1d,-0.038125,1000
12,B4_full_l2t,m_retention_3d,-0.112750,1000
12,B4_full_l2t,m_retention_7d,-0.226375,1000
12,B4_full_l2t,m_robust,0.927711,83
12,B4_full_l2t,m_transfer,0.769750,1000
13,B1_random,m_calib,0.181119,1000
13,B1_random,m_efficiency,0.002955,1000
13,B1_random,m_engage,0.852580,1000
13,B1_random,m_hint,-0.819281,1000
13,B1_random,m_inference_robust,0.207097,265
13,B1_random,m_mastery,0.295498,1000
13,B1_random,m_meta,0.030884,1000
13,B1_random,m_retention_14d,-0.361000,1000
13,B1_random,m_retention_1d,-0.033250,1000
13,B1_random,m_retention_3d,-0.099250,1000
13,B1_random,m_retention_7d,-0.219250,1000
13,B1_random,m_robust,0.490214,351
13,B1_random,m_transfer,0.746750,1000
13,B2_bkt,m_calib,0.144401,1000
13,B2_bkt,m_efficiency,0.003519,1000
13,B2_bkt,m_engage,1.000000,1000
13,B2_bkt,m_hint,0.000000,1000
13,B2_bkt,m_inference_robust,0.191071,265
13,B2_bkt,m_mastery,0.351908,1000
13,B2_bkt,m_meta,0.034547,1000
13,B2_bkt,m_retention_14d,-0.374500,1000
13,B2_bkt,m_retention_1d,-0.039000,1000
13,B2_bkt,m_retention_3d,-0.100125,1000
13,B2_bkt,m_retention_7d,-0.222625,1000
13,B2_bkt,m_transfer,0.740125,1000
13,B3_l2t_no_q,m_calib,0.161297,1000
13,B3_l2t_no_q,m_efficiency,0.003731,1000
13,B3_l2t_no_q,m_engage,0.826380,1000
13,B3_l2t_no_q,m_hint,-0.112055,1000
13,B3_l2t_no_q,m_inference_robust,0.165397,265
13,B3_l2t_no_q,m_mastery,0.373098,1000
13,B3_l2t_no_q,m_meta,0.023929,1000
13,B3_l2t_no_q,m_retention_14d,-0.387875,1000
13,B3_l2t_no_q,m_retention_1d,-0.039125,1000
13,B3_l2t_no_q,m_retention_3d,-0.106125,1000
13,B3_l2t_no_q,m_retention_7d,-0.232000,1000
13,B3_l2t_no_q,m_robust,0.846403,49
13,B3_l2t_no_q,m_transfer,0.764500,1000
13,B4_full_l2t,m_calib,0.187251,1000
13,B4_full_l2t,m_efficiency,0.003706,1000
13,B4_full_l2t,m_engage,0.836090,1000
13,B4_full_l2t,m_hint,-0.113125,1000
13,B4_full_l2t,m_inference_robust,0.236657,265
13,B4_full_l2t,m_mastery,0.370616,1000
13,B4_full_l2t,m_meta,0.024224,1000
13,B4_full_l2t,m_retention_14d,-0.390250,1000
13,B4_full_l2t,m_retention_1d,-0.041625,1000
13,B4_full_l2t,m_retention_3d,-0.123625,1000
13,B4_full_l2t,m_retention_7d,-0.238250,1000
13,B4_full_l2t,m_robust,1.000000,9
13,B4_full_l2t,m_transfer,0.772250,1000
14,B1_random,m_calib,0.163632,1000
14,B1_random,m_efficiency,0.003304,1000
14,B1_random,m_engage,0.852580,1000
14,B1_random,m_hint,-0.819281,1000
14,B1_random,m_inference_robust,0.187676,265
14,B1_random,m_mastery,0.330413,1000
14,B1_random,m_meta,0.041224,1000
14,B1_random,m_retention_14d,-0.386500,1000
14,B1_random,m_retention_1d,-0.033625,1000
14,B1_random,m_retention_3d,-0.115750,1000
14,B1_random,m_retention_7d,-0.224875,1000
14,B1_random,m_robust,0.455415,336
14,B1_random,m_transfer,0.758000,1000
14,B2_bkt,m_calib,0.131156,1000
14,B2_bkt,m_efficiency,0.003586,1000
14,B2_bkt,m_engage,1.000000,1000
14,B2_bkt,m_hint,0.000000,1000
14,B2_bkt,m_inference_robust,0.166617,265
14,B2_bkt,m_mastery,0.358620,1000
14,B2_bkt,m_meta,0.148061,1000
14,B2_bkt,m_retention_14d,-0.381125,1000
14,B2_bkt,m_retention_1d,-0.037000,1000
14,B2_bkt,m_retention_3d,-0.095500,1000
14,B2_bkt,m_retention_7d,-0.226000,1000
14,B2_bkt,m_transfer,0.750625,1000
14,B3_l2t_no_q,m_calib,0.144558,1000
14,B3_l2t_no_q,m_efficiency,0.003743,1000
14,B3_l2t_no_q,m_engage,0.823860,1000
14,B3_l2t_no_q,m_hint,-0.096123,1000
14,B3_l2t_no_q,m_inference_robust,0.127008,265
14,B3_l2t_no_q,m_mastery,0.374325,1000
14,B3_l2t_no_q,m_meta,0.074321,1000
14,B3_l2t_no_q,m_retention_14d,-0.390250,1000
14,B3_l2t_no_q,m_retention_1d,-0.037250,1000
14,B3_l2t_no_q,m_retention_3d,-0.109500,1000
14,B3_l2t_no_q,m_retention_7d,-0.223125,1000
14,B3_l2t_no_q,m_robust,0.869855,171
14,B3_l2t_no_q,m_transfer,0.764625,1000
14,B4_full_l2t,m_calib,0.171460,1000
14,B4_full_l2t,m_efficiency,0.003771,1000
14,B4_full_l2t,m_engage,0.834800,1000
14,B4_full_l2t,m_hint,-0.096702,1000
14,B4_full_l2t,m_inference_robust,0.218886,265
14,B4_full_l2t,m_mastery,0.377132,1000
14,B4_full_l2t,m_meta,0.084185,1000
14,B4_full_l2t,m_retention_14d,-0.385000,1000
14,B4_full_l2t,m_retention_1d,-0.035750,1000
14,B4_full_l2t,m_retention_3d,-0.111875,1000
14,B4_full_l2t,m_retention_7d,-0.226875,1000
14,B4_full_l2t,m_robust,0.920635,63
14,B4_full_l2t,m_transfer,0.764750,1000
15,B1_random,m_calib,0.180382,1000
15,B1_random,m_efficiency,0.003287,1000
15,B1_random,m_engage,0.852580,1000
15,B1_random,m_hint,-0.819281,1000
15,B1_random,m_inference_robust,0.200519,265
15,B1_random,m_mastery,0.328677,1000
15,B1_random,m_meta,0.033395,1000
15,B1_random,m_retention_14d,-0.373500,1000
15,B1_random,m_retention_1d,-0.037625,1000
15,B1_random,m_retention_3d,-0.108875,1000
15,B1_random,m_retention_7d,-0.226625,1000
15,B1_random,m_robust,0.481369,334
15,B1_random,m_transfer,0.758750,1000
15,B2_bkt,m_calib,0.146202,1000
15,B2_bkt,m_efficiency,0.003662,1000
15,B2_bkt,m_engage,1.000000,1000
15,B2_bkt,m_hint,0.000000,1000
15,B2_bkt,m_inference_robust,0.194231,265
15,B2_bkt,m_mastery,0.366238,1000
15,B2_bkt,m_meta,0.024499,1000
15,B2_bkt,m_retention_14d,-0.385875,1000
15,B2_bkt,m_retention_1d,-0.032500,1000
15,B2_bkt,m_retention_3d,-0.109625,1000
15,B2_bkt,m_retention_7d,-0.226375,1000
15,B2_bkt,m_transfer,0.750875,1000
15,B3_l2t_no_q,m_calib,0.157352,1000
15,B3_l2t_no_q,m_efficiency,0.003766,1000
15,B3_l2t_no_q,m_engage,0.837840,1000
15,B3_l2t_no_q,m_hint,-0.097637,1000
15,B3_l2t_no_q,m_inference_robust,0.162951,265
15,B3_l2t_no_q,m_mastery,0.376576,1000
15,B3_l2t_no_q,m_meta,0.026778,1000
15,B3_l2t_no_q,m_retention_14d,-0.393625,1000
15,B3_l2t_no_q,m_retention_1d,-0.032625,1000
15,B3_l2t_no_q,m_retention_3d,-0.113250,1000
15,B3_l2t_no_q,m_retention_7d,-0.225500,1000
15,B3_l2t_no_q,m_robust,0.871495,86
15,B3_l2t_no_q,m_transfer,0.763000,1000
15,B4_full_l2t,m_calib,0.184560,1000
15,B4_full_l2t,m_efficiency,0.003781,1000
15,B4_full_l2t,m_engage,0.846810,1000
15,B4_full_l2t,m_hint,-0.095866,1000
15,B4_full_l2t,m_inference_robust,0.257099,265
15,B4_full_l2t,m_mastery,0.378070,1000
15,B4_full_l2t,m_meta,0.028029,1000
15,B4_full_l2t,m_retention_14d,-0.391750,1000
15,B4_full_l2t,m_retention_1d,-0.042125,1000
15,B4_full_l2t,m_retention_3d,-0.115000,1000
15,B4_full_l2t,m_retention_7d,-0.235625,1000
15,B4_full_l2t,m_robust,0.857143,14
15,B4_full_l2t,m_transfer,0.769375,1000
16,B1_random,m_calib,0.172403,1000
16,B1_random,m_efficiency,0.003428,1000
16,B1_random,m_engage,0.852580,1000
16,B1_random,m_hint,-0.819281,1000
16,B1_random,m_inference_robust,0.198591,265
16,B1_random,m_mastery,0.342845,1000
16,B1_random,m_meta,0.032372,1000
16,B1_random,m_retention_14d,-0.392375,1000
16,B1_random,m_retention_1d,-0.038625,1000
16,B1_random,m_retention_3d,-0.108125,1000
16,B1_random,m_retention_7d,-0.227375,1000
16,B1_random,m_robust,0.471004,342
16,B1_random,m_transfer,0.764125,1000
16,B2_bkt,m_calib,0.130011,1000
16,B2_bkt,m_efficiency,0.003756,1000
16,B2_bkt,m_engage,1.000000,1000
16,B2_bkt,m_hint,0.000000,1000
16,B2_bkt,m_inference_robust,0.207301,265
16,B2_bkt,m_mastery,0.375602,1000
16,B2_bkt,m_meta,0.054211,1000
16,B2_bkt,m_retention_14d,-0.382750,1000
16,B2_bkt,m_retention_1d,-0.038875,1000
16,B2_bkt,m_retention_3d,-0.112500,1000
16,B2_bkt,m_retention_7d,-0.228125,1000
16,B2_bkt,m_transfer,0.756000,1000
16,B3_l2t_no_q,m_calib,0.145932,1000
16,B3_l2t_no_q,m_efficiency,0.003879,1000
16,B3_l2t_no_q,m_engage,0.827080,1000
16,B3_l2t_no_q,m_hint,-0.088711,1000
16,B3_l2t_no_q,m_inference_robust,0.155291,265
16,B3_l2t_no_q,m_mastery,0.387854,1000
16,B3_l2t_no_q,m_meta,0.036578,1000
16,B3_l2t_no_q,m_retention_14d,-0.391500,1000
16,B3_l2t_no_q,m_retention_1d,-0.039625,1000
16,B3_l2t_no_q,m_retention_3d,-0.126250,1000
16,B3_l2t_no_q,m_retention_7d,-0.238375,1000
16,B3_l2t_no_q,m_robust,0.874810,153
16,B3_l2t_no_q,m_transfer,0.772125,1000
16,B4_full_l2t,m_calib,0.172775,1000
16,B4_full_l2t,m_efficiency,0.003874,1000
16,B4_full_l2t,m_engage,0.836970,1000
16,B4_full_l2t,m_hint,-0.087821,1000
16,B4_full_l2t,m_inference_robust,0.245429,265
16,B4_full_l2t,m_mastery,0.387435,1000
16,B4_full_l2t,m_meta,0.040212,1000
16,B4_full_l2t,m_retention_14d,-0.401250,1000
16,B4_full_l2t,m_retention_1d,-0.042625,1000
16,B4_full_l2t,m_retention_3d,-0.130125,1000
16,B4_full_l2t,m_retention_7d,-0.228250,1000
16,B4_full_l2t,m_robust,0.892857,56
16,B4_full_l2t,m_transfer,0.774375,1000
17,B1_random,m_calib,0.169301,1000
17,B1_random,m_efficiency,0.003288,1000
17,B1_random,m_engage,0.852580,1000
17,B1_random,m_hint,-0.819281,1000
17,B1_random,m_inference_robust,0.191770,265
17,B1_random,m_mastery,0.328787,1000
17,B1_random,m_meta,0.037618,1000
17,B1_random,m_retention_14d,-0.373625,1000
17,B1_random,m_retention_1d,-0.037625,1000
17,B1_random,m_retention_3d,-0.108625,1000
17,B1_random,m_retention_7d,-0.223625,1000
17,B1_random,m_robust,0.474257,354
17,B1_random,m_transfer,0.749250,1000
17,B2_bkt,m_calib,0.135918,1000
17,B2_bkt,m_efficiency,0.003638,1000
17,B2_bkt,m_engage,1.000000,1000
17,B2_bkt,m_hint,0.000000,1000
17,B2_bkt,m_inference_robust,0.180060,265
17,B2_bkt,m_mastery,0.363795,1000
17,B2_bkt,m_meta,0.061079,1000
17,B2_bkt,m_retention_14d,-0.374500,1000
17,B2_bkt,m_retention_1d,-0.035000,1000
17,B2_bkt,m_retention_3d,-0.097875,1000
17,B2_bkt,m_retention_7d,-0.219875,1000
17,B2_bkt,m_transfer,0.748750,1000
17,B3_l2t_no_q,m_calib,0.145143,1000
17,B3_l2t_no_q,m_efficiency,0.003809,1000
17,B3_l2t_no_q,m_engage,0.825950,1000
17,B3_l2t_no_q,m_hint,-0.093907,1000
17,B3_l2t_no_q,m_inference_robust,0.165668,265
17,B3_l2t_no_q,m_mastery,0.380919,1000
17,B3_l2t_no_q,m_meta,0.039549,1000
17,B3_l2t_no_q,m_retention_14d,-0.374625,1000
17,B3_l2t_no_q,m_retention_1d,-0.028000,1000
17,B3_l2t_no_q,m_retention_3d,-0.114625,1000
17,B3_l2t_no_q,m_retention_7d,-0.213750,1000
17,B3_l2t_no_q,m_robust,0.889289,140
17,B3_l2t_no_q,m_transfer,0.758125,1000
17,B4_full_l2t,m_calib,0.167659,1000
17,B4_full_l2t,m_efficiency,0.003832,1000
17,B4_full_l2t,m_engage,0.837060,1000
17,B4_full_l2t,m_hint,-0.094824,1000
17,B4_full_l2t,m_inference_robust,0.253972,265
17,B4_full_l2t,m_mastery,0.383232,1000
17,B4_full_l2t,m_meta,0.044382,1000
17,B4_full_l2t,m_retention_14d,-0.393875,1000
17,B4_full_l2t,m_retention_1d,-0.031000,1000
17,B4_full_l2t,m_retention_3d,-0.113500,1000
17,B4_full_l2t,m_retention_7d,-0.221375,1000
17,B4_full_l2t,m_robust,0.971154,52
17,B4_full_l2t,m_transfer,0.765125,1000
18,B1_random,m_calib,0.178375,1000
18,B1_random,m_efficiency,0.003041,1000
18,B1_random,m_engage,0.852580,1000
18,B1_random,m_hint,-0.819281,1000
18,B1_random,m_inference_robust,0.182381,265
18,B1_random,m_mastery,0.304089,1000
18,B1_random,m_meta,0.032597,1000
18,B1_random,m_retention_14d,-0.373625,1000
18,B1_random,m_retention_1d,-0.037125,1000
18,B1_random,m_retention_3d,-0.105250,1000
18,B1_random,m_retention_7d,-0.214625,1000
18,B1_random,m_robust,0.448390,349
18,B1_random,m_transfer,0.753750,1000
18,B2_bkt,m_calib,0.130191,1000
18,B2_bkt,m_efficiency,0.003550,1000
18,B2_bkt,m_engage,1.000000,1000
18,B2_bkt,m_hint,0.000000,1000
18,B2_bkt,m_inference_robust,0.168371,265
18,B2_bkt,m_mastery,0.355045,1000
18,B2_bkt,m_meta,0.053934,1000
18,B2_bkt,m_retention_14d,-0.380375,1000
18,B2_bkt,m_retention_1d,-0.032250,1000
18,B2_bkt,m_retention_3d,-0.097125,1000
18,B2_bkt,m_retention_7d,-0.217375,1000
18,B2_bkt,m_transfer,0.744750,1000
18,B3_l2t_no_q,m_calib,0.141888,1000
18,B3_l2t_no_q,m_efficiency,0.003681,1000
18,B3_l2t_no_q,m_engage,0.825950,1000
18,B3_l2t_no_q,m_hint,-0.092339,1000
18,B3_l2t_no_q,m_inference_robust,0.142134,265
18,B3_l2t_no_q,m_mastery,0.368072,1000
18,B3_l2t_no_q,m_meta,0.043524,1000
18,B3_l2t_no_q,m_retention_14d,-0.387125,1000
18,B3_l2t_no_q,m_retention_1d,-0.039500,1000
18,B3_l2t_no_q,m_retention_3d,-0.110125,1000
18,B3_l2t_no_q,m_retention_7d,-0.223875,1000
18,B3_l2t_no_q,m_robust,0.878020,177
18,B3_l2t_no_q,m_transfer,0.764125,1000
18,B4_full_l2t,m_calib,0.168342,1000
18,B4_full_l2t,m_efficiency,0.003704,1000
18,B4_full_l2t,m_engage,0.835570,1000
18,B4_full_l2t,m_hint,-0.091698,1000
18,B4_full_l2t,m_inference_robust,0.229651,265
18,B4_full_l2t,m_mastery,0.370435,1000
18,B4_full_l2t,m_meta,0.045771,1000
18,B4_full_l2t,m_retention_14d,-0.396000,1000
18,B4_full_l2t,m_retention_1d,-0.047625,1000
18,B4_full_l2t,m_retention_3d,-0.117125,1000
18,B4_full_l2t,m_retention_7d,-0.232250,1000
18,B4_full_l2t,m_robust,0.880282,71
18,B4_full_l2t,m_transfer,0.769625,1000
19,B1_random,m_calib,0.176637,1000
19,B1_random,m_efficiency,0.003213,1000
19,B1_random,m_engage,0.852580,1000
19,B1_random,m_hint,-0.819281,1000
19,B1_random,m_inference_robust,0.199077,265
19,B1_random,m_mastery,0.321263,1000
19,B1_random,m_meta,0.033981,1000
19,B1_random,m_retention_14d,-0.376625,1000
19,B1_random,m_retention_1d,-0.027750,1000
19,B1_random,m_retention_3d,-0.101625,1000
19,B1_random,m_retention_7d,-0.219625,1000
19,B1_random,m_robust,0.484644,345
19,B1_random,m_transfer,0.743625,1000
19,B2_bkt,m_calib,0.139180,1000
19,B2_bkt,m_efficiency,0.003704,1000
19,B2_bkt,m_engage,1.000000,1000
19,B2_bkt,m_hint,0.000000,1000
19,B2_bkt,m_inference_robust,0.207914,265
19,B2_bkt,m_mastery,0.370433,1000
19,B2_bkt,m_meta,0.039942,1000
19,B2_bkt,m_retention_14d,-0.379375,1000
19,B2_bkt,m_retention_1d,-0.039375,1000
19,B2_bkt,m_retention_3d,-0.099500,1000
19,B2_bkt,m_retention_7d,-0.219250,1000
19,B2_bkt,m_transfer,0.753375,1000
19,B3_l2t_no_q,m_calib,0.146109,1000
19,B3_l2t_no_q,m_efficiency,0.003749,1000
19,B3_l2t_no_q,m_engage,0.826840,1000
19,B3_l2t_no_q,m_hint,-0.097765,1000
19,B3_l2t_no_q,m_inference_robust,0.149640,265
19,B3_l2t_no_q,m_mastery,0.374852,1000
19,B3_l2t_no_q,m_meta,0.025710,1000
19,B3_l2t_no_q,m_retention_14d,-0.383875,1000
19,B3_l2t_no_q,m_retention_1d,-0.034000,1000
19,B3_l2t_no_q,m_retention_3d,-0.110875,1000
19,B3_l2t_no_q,m_retention_7d,-0.229125,1000
19,B3_l2t_no_q,m_robust,0.855091,135
19,B3_l2t_no_q,m_transfer,0.763000,1000
19,B4_full_l2t,m_calib,0.171653,1000
19,B4_full_l2t,m_efficiency,0.003788,1000
19,B4_full_l2t,m_engage,0.836520,1000
19,B4_full_l2t,m_hint,-0.097023,1000
19,B4_full_l2t,m_inference_robust,0.242351,265
19,B4_full_l2t,m_mastery,0.378788,1000
19,B4_full_l2t,m_meta,0.030631,1000
19,B4_full_l2t,m_retention_14d,-0.391125,1000
19,B4_full_l2t,m_retention_1d,-0.037625,1000
19,B4_full_l2t,m_retention_3d,-0.115625,1000
19,B4_full_l2t,m_retention_7d,-0.234250,1000
19,B4_full_l2t,m_robust,0.862745,51
19,B4_full_l2t,m_transfer,0.766875,1000
20,B1_random,m_calib,0.173149,1000
20,B1_random,m_efficiency,0.003037,1000
20,B1_random,m_engage,0.852580,1000
20,B1_random,m_hint,-0.819281,1000
20,B1_random,m_inference_robust,0.199133,265
20,B1_random,m_mastery,0.303730,1000
20,B1_random,m_meta,0.036225,1000
20,B1_random,m_retention_14d,-0.375000,1000
20,B1_random,m_retention_1d,-0.038000,1000
20,B1_random,m_retention_3d,-0.107125,1000
20,B1_random,m_retention_7d,-0.227500,1000
20,B1_random,m_robust,0.489508,354
20,B1_random,m_transfer,0.736375,1000
20,B2_bkt,m_calib,0.136083,1000
20,B2_bkt,m_efficiency,0.003547,1000
20,B2_bkt,m_engage,1.000000,1000
20,B2_bkt,m_hint,0.000000,1000
20,B2_bkt,m_inference_robust,0.184853,265
20,B2_bkt,m_mastery,0.354683,1000
20,B2_bkt,m_meta,0.084199,1000
20,B2_bkt,m_retention_14d,-0.383375,1000
20,B2_bkt,m_retention_1d,-0.040625,1000
20,B2_bkt,m_retention_3d,-0.103875,1000
20,B2_bkt,m_retention_7d,-0.213625,1000
20,B2_bkt,m_transfer,0.738500,1000
20,B3_l2t_no_q,m_calib,0.152819,1000
20,B3_l2t_no_q,m_efficiency,0.003677,1000
20,B3_l2t_no_q,m_engage,0.839620,1000
20,B3_l2t_no_q,m_hint,-0.110281,1000
20,B3_l2t_no_q,m_inference_robust,0.136826,265
20,B3_l2t_no_q,m_mastery,0.367741,1000
20,B3_l2t_no_q,m_meta,0.056921,1000
20,B3_l2t_no_q,m_retention_14d,-0.386375,1000
20,B3_l2t_no_q,m_retention_1d,-0.046375,1000
20,B3_l2t_no_q,m_retention_3d,-0.111375,1000
20,B3_l2t_no_q,m_retention_7d,-0.234500,1000
20,B3_l2t_no_q,m_robust,0.868308,140
20,B3_l2t_no_q,m_transfer,0.768125,1000
20,B4_full_l2t,m_calib,0.180585,1000
20,B4_full_l2t,m_efficiency,0.003707,1000
20,B4_full_l2t,m_engage,0.846850,1000
20,B4_full_l2t,m_hint,-0.108498,1000
20,B4_full_l2t,m_inference_robust,0.232019,265
20,B4_full_l2t,m_mastery,0.370744,1000
20,B4_full_l2t,m_meta,0.060474,1000
20,B4_full_l2t,m_retention_14d,-0.388250,1000
20,B4_full_l2t,m_retention_1d,-0.030500,1000
20,B4_full_l2t,m_retention_3d,-0.110875,1000
20,B4_full_l2t,m_retention_7d,-0.228000,1000
20,B4_full_l2t,m_robust,0.937500,40
20,B4_full_l2t,m_transfer,0.759500,1000
21,B1_random,m_calib,0.175870,1000
21,B1_random,m_efficiency,0.003147,1000
21,B1_random,m_engage,0.852580,1000
21,B1_random,m_hint,-0.819281,1000
21,B1_random,m_inference_robust,0.201253,265
21,B1_random,m_mastery,0.314748,1000
21,B1_random,m_meta,0.034839,1000
21,B1_random,m_retention_14d,-0.366625,1000
21,B1_random,m_retention_1d,-0.036875,1000
21,B1_random,m_retention_3d,-0.110625,1000
21,B1_random,m_retention_7d,-0.215250,1000
21,B1_random,m_robust,0.480539,356
21,B1_random,m_transfer,0.741750,1000
21,B2_bkt,m_calib,0.139414,1000
21,B2_bkt,m_efficiency,0.003476,1000
21,B2_bkt,m_engage,1.000000,1000
21,B2_bkt,m_hint,0.000000,1000
21,B2_bkt,m_inference_robust,0.181869,265
21,B2_bkt,m_mastery,0.347621,1000
21,B2_bkt,m_meta,0.052269,1000
21,B2_bkt,m_retention_14d,-0.369375,1000
21,B2_bkt,m_retention_1d,-0.037875,1000
21,B2_bkt,m_retention_3d,-0.102250,1000
21,B2_bkt,m_retention_7d,-0.214000,1000
21,B2_bkt,m_transfer,0.736500,1000
21,B3_l2t_no_q,m_calib,0.146526,1000
21,B3_l2t_no_q,m_efficiency,0.003720,1000
21,B3_l2t_no_q,m_engage,0.834030,1000
21,B3_l2t_no_q,m_hint,-0.103185,1000
21,B3_l2t_no_q,m_inference_robust,0.140034,265
21,B3_l2t_no_q,m_mastery,0.372049,1000
21,B3_l2t_no_q,m_meta,0.037160,1000
21,B3_l2t_no_q,m_retention_14d,-0.394375,1000
21,B3_l2t_no_q,m_retention_1d,-0.037625,1000
21,B3_l2t_no_q,m_retention_3d,-0.117500,1000
21,B3_l2t_no_q,m_retention_7d,-0.231500,1000
21,B3_l2t_no_q,m_robust,0.873970,152
21,B3_l2t_no_q,m_transfer,0.767625,1000
21,B4_full_l2t,m_calib,0.172478,1000
21,B4_full_l2t,m_efficiency,0.003774,1000
21,B4_full_l2t,m_engage,0.844620,1000
21,B4_full_l2t,m_hint,-0.099775,1000
21,B4_full_l2t,m_inference_robust,0.239106,265
21,B4_full_l2t,m_mastery,0.377449,1000
21,B4_full_l2t,m_meta,0.039893,1000
21,B4_full_l2t,m_retention_14d,-0.393125,1000
21,B4_full_l2t,m_retention_1d,-0.042250,1000
21,B4_full_l2t,m_retention_3d,-0.123625,1000
21,B4_full_l2t,m_retention_7d,-0.235875,1000
21,B4_full_l2t,m_robust,0.918367,49
21,B4_full_l2t,m_transfer,0.773500,1000
22,B1_random,m_calib,0.179229,1000
22,B1_random,m_efficiency,0.003173,1000
22,B1_random,m_engage,0.852580,1000
22,B1_random,m_hint,-0.819281,1000
22,B1_random,m_inference_robust,0.211283,265
22,B1_random,m_mastery,0.317310,1000
22,B1_random,m_meta,0.037955,1000
22,B1_random,m_retention_14d,-0.373625,1000
22,B1_random,m_retention_1d,-0.041375,1000
22,B1_random,m_retention_3d,-0.113375,1000
22,B1_random,m_retention_7d,-0.228875,1000
22,B1_random,m_robust,0.485632,346
22,B1_random,m_transfer,0.754750,1000
22,B2_bkt,m_calib,0.142194,1000
22,B2_bkt,m_efficiency,0.003609,1000
22,B2_bkt,m_engage,1.000000,1000
22,B2_bkt,m_hint,0.000000,1000
22,B2_bkt,m_inference_robust,0.193146,265
22,B2_bkt,m_mastery,0.360933,1000
22,B2_bkt,m_meta,0.045105,1000
22,B2_bkt,m_retention_14d,-0.376625,1000
22,B2_bkt,m_retention_1d,-0.033375,1000
22,B2_bkt,m_retention_3d,-0.100250,1000
22,B2_bkt,m_retention_7d,-0.216125,1000
22,B2_bkt,m_transfer,0.743750,1000
22,B3_l2t_no_q,m_calib,0.154615,1000
22,B3_l2t_no_q,m_efficiency,0.003777,1000
22,B3_l2t_no_q,m_engage,0.825630,1000
22,B3_l2t_no_q,m_hint,-0.092869,1000
22,B3_l2t_no_q,m_inference_robust,0.149928,265
22,B3_l2t_no_q,m_mastery,0.377691,1000
22,B3_l2t_no_q,m_meta,0.038521,1000
22,B3_l2t_no_q,m_retention_14d,-0.390375,1000
22,B3_l2t_no_q,m_retention_1d,-0.031125,1000
22,B3_l2t_no_q,m_retention_3d,-0.117500,1000
22,B3_l2t_no_q,m_retention_7d,-0.233125,1000
22,B3_l2t_no_q,m_robust,0.869760,113
22,B3_l2t_no_q,m_transfer,0.764875,1000
22,B4_full_l2t,m_calib,0.180319,1000
22,B4_full_l2t,m_efficiency,0.003779,1000
22,B4_full_l2t,m_engage,0.835410,1000
22,B4_full_l2t,m_hint,-0.094526,1000
22,B4_full_l2t,m_inference_robust,0.235792,265
22,B4_full_l2t,m_mastery,0.377941,1000
22,B4_full_l2t,m_meta,0.042080,1000
22,B4_full_l2t,m_retention_14d,-0.386625,1000
22,B4_full_l2t,m_retention_1d,-0.031250,1000
22,B4_full_l2t,m_retention_3d,-0.113125,1000
22,B4_full_l2t,m_retention_7d,-0.225750,1000
22,B4_full_l2t,m_robust,0.903226,31
22,B4_full_l2t,m_transfer,0.764500,1000
23,B1_random,m_calib,0.178564,1000
23,B1_random,m_efficiency,0.003013,1000
23,B1_random,m_engage,0.852580,1000
23,B1_random,m_hint,-0.819281,1000
23,B1_random,m_inference_robust,0.193792,265
23,B1_random,m_mastery,0.301317,1000
23,B1_random,m_meta,0.032010,1000
23,B1_random,m_retention_14d,-0.379875,1000
23,B1_random,m_retention_1d,-0.042000,1000
23,B1_random,m_retention_3d,-0.114375,1000
23,B1_random,m_retention_7d,-0.225375,1000
23,B1_random,m_robust,0.462921,339
23,B1_random,m_transfer,0.746250,1000
23,B2_bkt,m_calib,0.132086,1000
23,B2_bkt,m_efficiency,0.003580,1000
23,B2_bkt,m_engage,1.000000,1000
23,B2_bkt,m_hint,0.000000,1000
23,B2_bkt,m_inference_robust,0.165234,265
23,B2_bkt,m_mastery,0.358005,1000
23,B2_bkt,m_meta,0.036968,1000
23,B2_bkt,m_retention_14d,-0.374125,1000
23,B2_bkt,m_retention_1d,-0.032875,1000
23,B2_bkt,m_retention_3d,-0.098000,1000
23,B2_bkt,m_retention_7d,-0.217000,1000
23,B2_bkt,m_transfer,0.745250,1000
23,B3_l2t_no_q,m_calib,0.141351,1000
23,B3_l2t_no_q,m_efficiency,0.003716,1000
23,B3_l2t_no_q,m_engage,0.825690,1000
23,B3_l2t_no_q,m_hint,-0.100985,1000
23,B3_l2t_no_q,m_inference_robust,0.147519,265
23,B3_l2t_no_q,m_mastery,0.371558,1000
23,B3_l2t_no_q,m_meta,0.027464,1000
23,B3_l2t_no_q,m_retention_14d,-0.393125,1000
23,B3_l2t_no_q,m_retention_1d,-0.036000,1000
23,B3_l2t_no_q,m_retention_3d,-0.123125,1000
23,B3_l2t_no_q,m_retention_7d,-0.228000,1000
23,B3_l2t_no_q,m_robust,0.862949,151
23,B3_l2t_no_q,m_transfer,0.768000,1000
23,B4_full_l2t,m_calib,0.169207,1000
23,B4_full_l2t,m_efficiency,0.003723,1000
23,B4_full_l2t,m_engage,0.835640,1000
23,B4_full_l2t,m_hint,-0.100241,1000
23,B4_full_l2t,m_inference_robust,0.228565,265
23,B4_full_l2t,m_mastery,0.372262,1000
23,B4_full_l2t,m_meta,0.030569,1000
23,B4_full_l2t,m_retention_14d,-0.395625,1000
23,B4_full_l2t,m_retention_1d,-0.040875,1000
23,B4_full_l2t,m_retention_3d,-0.118375,1000
23,B4_full_l2t,m_retention_7d,-0.235500,1000
23,B4_full_l2t,m_robust,0.864583,48
23,B4_full_l2t,m_transfer,0.769750,1000
24,B1_random,m_calib,0.169036,1000
24,B1_random,m_efficiency,0.003259,1000
24,B1_random,m_engage,0.852580,1000
24,B1_random,m_hint,-0.819281,1000
24,B1_random,m_inference_robust,0.213579,265
24,B1_random,m_mastery,0.325862,1000
24,B1_random,m_meta,0.028554,1000
24,B1_random,m_retention_14d,-0.374125,1000
24,B1_random,m_retention_1d,-0.024750,1000
24,B1_random,m_retention_3d,-0.096500,1000
24,B1_random,m_retention_7d,-0.214125,1000
24,B1_random,m_robust,0.470335,347
24,B1_random,m_transfer,0.742000,1000
24,B2_bkt,m_calib,0.139040,1000
24,B2_bkt,m_efficiency,0.003684,1000
24,B2_bkt,m_engage,1.000000,1000
24,B2_bkt,m_hint,0.000000,1000
24,B2_bkt,m_inference_robust,0.210991,265
24,B2_bkt,m_mastery,0.368445,1000
24,B2_bkt,m_meta,0.040550,1000
24,B2_bkt,m_retention_14d,-0.370375,1000
24,B2_bkt,m_retention_1d,-0.030125,1000
24,B2_bkt,m_retention_3d,-0.100500,1000
24,B2_bkt,m_retention_7d,-0.208000,1000
24,B2_bkt,m_transfer,0.742375,1000
24,B3_l2t_no_q,m_calib,0.150829,1000
24,B3_l2t_no_q,m_efficiency,0.003779,1000
24,B3_l2t_no_q,m_engage,0.835310,1000
24,B3_l2t_no_q,m_hint,-0.091793,1000
24,B3_l2t_no_q,m_inference_robust,0.149702,265
24,B3_l2t_no_q,m_mastery,0.377887,1000
24,B3_l2t_no_q,m_meta,0.026457,1000
24,B3_l2t_no_q,m_retention_14d,-0.391500,1000
24,B3_l2t_no_q,m_retention_1d,-0.037375,1000
24,B3_l2t_no_q,m_retention_3d,-0.115125,1000
24,B3_l2t_no_q,m_retention_7d,-0.227250,1000
24,B3_l2t_no_q,m_robust,0.847888,97
24,B3_l2t_no_q,m_transfer,0.768625,1000
24,B4_full_l2t,m_calib,0.177689,1000
24,B4_full_l2t,m_efficiency,0.003810,1000
24,B4_full_l2t,m_engage,0.845810,1000
24,B4_full_l2t,m_hint,-0.090069,1000
24,B4_full_l2t,m_inference_robust,0.238562,265
24,B4_full_l2t,m_mastery,0.380979,1000
24,B4_full_l2t,m_meta,0.029126,1000
24,B4_full_l2t,m_retention_14d,-0.386750,1000
24,B4_full_l2t,m_retention_1d,-0.041875,1000
24,B4_full_l2t,m_retention_3d,-0.118000,1000
24,B4_full_l2t,m_retention_7d,-0.232375,1000
24,B4_full_l2t,m_robust,0.944444,18
24,B4_full_l2t,m_transfer,0.767875,1000
25,B1_random,m_calib,0.167355,1000
25,B1_random,m_efficiency,0.003472,1000
25,B1_random,m_engage,0.852580,1000
25,B1_random,m_hint,-0.819281,1000
25,B1_random,m_inference_robust,0.209830,265
25,B1_random,m_mastery,0.347235,1000
25,B1_random,m_meta,0.041460,1000
25,B1_random,m_retention_14d,-0.379500,1000
25,B1_random,m_retention_1d,-0.040375,1000
25,B1_random,m_retention_3d,-0.111250,1000
25,B1_random,m_retention_7d,-0.219500,1000
25,B1_random,m_robust,0.473326,347
25,B1_random,m_transfer,0.755125,1000
25,B2_bkt,m_calib,0.132662,1000
25,B2_bkt,m_efficiency,0.003803,1000
25,B2_bkt,m_engage,1.000000,1000
25,B2_bkt,m_hint,0.000000,1000
25,B2_bkt,m_inference_robust,0.221086,265
25,B2_bkt,m_mastery,0.380258,1000
25,B2_bkt,m_meta,0.046490,1000
25,B2_bkt,m_retention_14d,-0.382375,1000
25,B2_bkt,m_retention_1d,-0.032000,1000
25,B2_bkt,m_retention_3d,-0.106750,1000
25,B2_bkt,m_retention_7d,-0.219375,1000
25,B2_bkt,m_transfer,0.755125,1000
25,B3_l2t_no_q,m_calib,0.142619,1000
25,B3_l2t_no_q,m_efficiency,0.003842,1000
25,B3_l2t_no_q,m_engage,0.821390,1000
25,B3_l2t_no_q,m_hint,-0.090920,1000
25,B3_l2t_no_q,m_inference_robust,0.159128,265
25,B3_l2t_no_q,m_mastery,0.384209,1000
25,B3_l2t_no_q,m_meta,0.035058,1000
25,B3_l2t_no_q,m_retention_14d,-0.392000,1000
25,B3_l2t_no_q,m_retention_1d,-0.033875,1000
25,B3_l2t_no_q,m_retention_3d,-0.110750,1000
25,B3_l2t_no_q,m_retention_7d,-0.228750,1000
25,B3_l2t_no_q,m_robust,0.900985,153
25,B3_l2t_no_q,m_transfer,0.765750,1000
25,B4_full_l2t,m_calib,0.167345,1000
25,B4_full_l2t,m_efficiency,0.003887,1000
25,B4_full_l2t,m_engage,0.834480,1000
25,B4_full_l2t,m_hint,-0.089278,1000
25,B4_full_l2t,m_inference_robust,0.251183,265
25,B4_full_l2t,m_mastery,0.388706,1000
25,B4_full_l2t,m_meta,0.037524,1000
25,B4_full_l2t,m_retention_14d,-0.389625,1000
25,B4_full_l2t,m_retention_1d,-0.039500,1000
25,B4_full_l2t,m_retention_3d,-0.109625,1000
25,B4_full_l2t,m_retention_7d,-0.220875,1000
25,B4_full_l2t,m_robust,0.836735,49
25,B4_full_l2t,m_transfer,0.767000,1000
26,B1_random,m_calib,0.177686,1000
26,B1_random,m_efficiency,0.003071,1000
26,B1_random,m_engage,0.852580,1000
26,B1_random,m_hint,-0.819281,1000
26,B1_random,m_inference_robust,0.200379,265
26,B1_random,m_mastery,0.307064,1000
26,B1_random,m_meta,0.033820,1000
26,B1_random,m_retention_14d,-0.372375,1000
26,B1_random,m_retention_1d,-0.031625,1000
26,B1_random,m_retention_3d,-0.105875,1000
26,B1_random,m_retention_7d,-0.215500,1000
26,B1_random,m_robust,0.486584,348
26,B1_random,m_transfer,0.743375,1000
26,B2_bkt,m_calib,0.140450,1000
26,B2_bkt,m_efficiency,0.003621,1000
26,B2_bkt,m_engage,1.000000,1000
26,B2_bkt,m_hint,0.000000,1000
26,B2_bkt,m_inference_robust,0.190616,265
26,B2_bkt,m_mastery,0.362068,1000
26,B2_bkt,m_meta,0.089470,1000
26,B2_bkt,m_retention_14d,-0.375875,1000
26,B2_bkt,m_retention_1d,-0.024000,1000
26,B2_bkt,m_retention_3d,-0.098000,1000
26,B2_bkt,m_retention_7d,-0.222250,1000
26,B2_bkt,m_transfer,0.747875,1000
26,B3_l2t_no_q,m_calib,0.151607,1000
26,B3_l2t_no_q,m_efficiency,0.003778,1000
26,B3_l2t_no_q,m_engage,0.825310,1000
26,B3_l2t_no_q,m_hint,-0.101049,1000
26,B3_l2t_no_q,m_inference_robust,0.157656,265
26,B3_l2t_no_q,m_mastery,0.377807,1000
26,B3_l2t_no_q,m_meta,0.078290,1000
26,B3_l2t_no_q,m_retention_14d,-0.384750,1000
26,B3_l2t_no_q,m_retention_1d,-0.034125,1000
26,B3_l2t_no_q,m_retention_3d,-0.120000,1000
26,B3_l2t_no_q,m_retention_7d,-0.228875,1000
26,B3_l2t_no_q,m_robust,0.818785,72
26,B3_l2t_no_q,m_transfer,0.764875,1000
26,B4_full_l2t,m_calib,0.176889,1000
26,B4_full_l2t,m_efficiency,0.003798,1000
26,B4_full_l2t,m_engage,0.836650,1000
26,B4_full_l2t,m_hint,-0.098295,1000
26,B4_full_l2t,m_inference_robust,0.245011,265
26,B4_full_l2t,m_mastery,0.379766,1000
26,B4_full_l2t,m_meta,0.082050,1000
26,B4_full_l2t,m_retention_14d,-0.395500,1000
26,B4_full_l2t,m_retention_1d,-0.045375,1000
26,B4_full_l2t,m_retention_3d,-0.114625,1000
26,B4_full_l2t,m_retention_7d,-0.229000,1000
26,B4_full_l2t,m_robust,1.000000,15
26,B4_full_l2t,m_transfer,0.767625,1000
27,B1_random,m_calib,0.176908,1000
27,B1_random,m_efficiency,0.003298,1000
27,B1_random,m_engage,0.852580,1000
27,B1_random,m_hint,-0.819281,1000
27,B1_random,m_inference_robust,0.196553,265
27,B1_random,m_mastery,0.329804,1000
27,B1_random,m_meta,0.038797,1000
27,B1_random,m_retention_14d,-0.373125,1000
27,B1_random,m_retention_1d,-0.032750,1000
27,B1_random,m_retention_3d,-0.105500,1000
27,B1_random,m_retention_7d,-0.230500,1000
27,B1_random,m_robust,0.492792,335
27,B1_random,m_transfer,0.754250,1000
27,B2_bkt,m_calib,0.139172,1000
27,B2_bkt,m_efficiency,0.003560,1000
27,B2_bkt,m_engage,1.000000,1000
27,B2_bkt,m_hint,0.000000,1000
27,B2_bkt,m_inference_robust,0.178565,265
27,B2_bkt,m_mastery,0.356048,1000
27,B2_bkt,m_meta,0.045258,1000
27,B2_bkt,m_retention_14d,-0.382000,1000
27,B2_bkt,m_retention_1d,-0.041000,1000
27,B2_bkt,m_retention_3d,-0.102750,1000
27,B2_bkt,m_retention_7d,-0.220375,1000
27,B2_bkt,m_transfer,0.743250,1000
27,B3_l2t_no_q,m_calib,0.148490,1000
27,B3_l2t_no_q,m_efficiency,0.003770,1000
27,B3_l2t_no_q,m_engage,0.830360,1000
27,B3_l2t_no_q,m_hint,-0.100462,1000
27,B3_l2t_no_q,m_inference_robust,0.154141,265
27,B3_l2t_no_q,m_mastery,0.377038,1000
27,B3_l2t_no_q,m_meta,0.043152,1000
27,B3_l2t_no_q,m_retention_14d,-0.396875,1000
27,B3_l2t_no_q,m_retention_1d,-0.038375,1000
27,B3_l2t_no_q,m_retention_3d,-0.114000,1000
27,B3_l2t_no_q,m_retention_7d,-0.235250,1000
27,B3_l2t_no_q,m_robust,0.859188,110
27,B3_l2t_no_q,m_transfer,0.768250,1000
27,B4_full_l2t,m_calib,0.170325,1000
27,B4_full_l2t,m_efficiency,0.003792,1000
27,B4_full_l2t,m_engage,0.842500,1000
27,B4_full_l2t,m_hint,-0.097907,1000
27,B4_full_l2t,m_inference_robust,0.239487,265
27,B4_full_l2t,m_mastery,0.379205,1000
27,B4_full_l2t,m_meta,0.047083,1000
27,B4_full_l2t,m_retention_14d,-0.388625,1000
27,B4_full_l2t,m_retention_1d,-0.036375,1000
27,B4_full_l2t,m_retention_3d,-0.115875,1000
27,B4_full_l2t,m_retention_7d,-0.223875,1000
27,B4_full_l2t,m_robust,0.964286,28
27,B4_full_l2t,m_transfer,0.764875,1000
28,B1_random,m_calib,0.173857,1000
28,B1_random,m_efficiency,0.003223,1000
28,B1_random,m_engage,0.852580,1000
28,B1_random,m_hint,-0.819281,1000
28,B1_random,m_inference_robust,0.193632,265
28,B1_random,m_mastery,0.322291,1000
28,B1_random,m_meta,0.038369,1000
28,B1_random,m_retention_14d,-0.375375,1000
28,B1_random,m_retention_1d,-0.035750,1000
28,B1_random,m_retention_3d,-0.112625,1000
28,B1_random,m_retention_7d,-0.222000,1000
28,B1_random,m_robust,0.469412,341
28,B1_random,m_transfer,0.757125,1000
28,B2_bkt,m_calib,0.130931,1000
28,B2_bkt,m_efficiency,0.003637,1000
28,B2_bkt,m_engage,1.000000,1000
28,B2_bkt,m_hint,0.000000,1000
28,B2_bkt,m_inference_robust,0.168968,265
28,B2_bkt,m_mastery,0.363705,1000
28,B2_bkt,m_meta,0.058952,1000
28,B2_bkt,m_retention_14d,-0.378750,1000
28,B2_bkt,m_retention_1d,-0.032750,1000
28,B2_bkt,m_retention_3d,-0.097375,1000
28,B2_bkt,m_retention_7d,-0.217500,1000
28,B2_bkt,m_transfer,0.750500,1000
28,B3_l2t_no_q,m_calib,0.141909,1000
28,B3_l2t_no_q,m_efficiency,0.003776,1000
28,B3_l2t_no_q,m_engage,0.824590,1000
28,B3_l2t_no_q,m_hint,-0.096386,1000
28,B3_l2t_no_q,m_inference_robust,0.145468,265
28,B3_l2t_no_q,m_mastery,0.377613,1000
28,B3_l2t_no_q,m_meta,0.041503,1000
28,B3_l2t_no_q,m_retention_14d,-0.393750,1000
28,B3_l2t_no_q,m_retention_1d,-0.036000,1000
28,B3_l2t_no_q,m_retention_3d,-0.115375,1000
28,B3_l2t_no_q,m_retention_7d,-0.228000,1000
28,B3_l2t_no_q,m_robust,0.886794,157
28,B3_l2t_no_q,m_transfer,0.766875,1000
28,B4_full_l2t,m_calib,0.169370,1000
28,B4_full_l2t,m_efficiency,0.003811,1000
28,B4_full_l2t,m_engage,0.836330,1000
28,B4_full_l2t,m_hint,-0.097107,1000
28,B4_full_l2t,m_inference_robust,0.236602,265
28,B4_full_l2t,m_mastery,0.381132,1000
28,B4_full_l2t,m_meta,0.047338,1000
28,B4_full_l2t,m_retention_14d,-0.385750,1000
28,B4_full_l2t,m_retention_1d,-0.050625,1000
28,B4_full_l2t,m_retention_3d,-0.112500,1000
28,B4_full_l2t,m_retention_7d,-0.222125,1000
28,B4_full_l2t,m_robust,0.840426,47
28,B4_full_l2t,m_transfer,0.770375,1000
29,B1_random,m_calib,0.169084,1000
29,B1_random,m_efficiency,0.003253,1000
29,B1_random,m_engage,0.852580,1000
29,B1_random,m_hint,-0.819281,1000
29,B1_random,m_inference_robust,0.200953,265
29,B1_random,m_mastery,0.325330,1000
29,B1_random,m_meta,0.037806,1000
29,B1_random,m_retention_14d,-0.383375,1000
29,B1_random,m_retention_1d,-0.038625,1000
29,B1_random,m_retention_3d,-0.107750,1000
29,B1_random,m_retention_7d,-0.221875,1000
29,B1_random,m_robust,0.476430,346
29,B1_random,m_transfer,0.755750,1000
29,B2_bkt,m_calib,0.136177,1000
29,B2_bkt,m_efficiency,0.003624,1000
29,B2_bkt,m_engage,1.000000,1000
29,B2_bkt,m_hint,0.000000,1000
29,B2_bkt,m_inference_robust,0.198544,265
29,B2_bkt,m_mastery,0.362439,1000
29,B2_bkt,m_meta,0.071627,1000
29,B2_bkt,m_retention_14d,-0.371250,1000
29,B2_bkt,m_retention_1d,-0.032625,1000
29,B2_bkt,m_retention_3d,-0.108875,1000
29,B2_bkt,m_retention_7d,-0.217375,1000
29,B2_bkt,m_transfer,0.744375,1000
29,B3_l2t_no_q,m_calib,0.153638,1000
29,B3_l2t_no_q,m_efficiency,0.003764,1000
29,B3_l2t_no_q,m_engage,0.830160,1000
29,B3_l2t_no_q,m_hint,-0.096885,1000
29,B3_l2t_no_q,m_inference_robust,0.139924,265
29,B3_l2t_no_q,m_mastery,0.376384,1000
29,B3_l2t_no_q,m_meta,0.052653,1000
29,B3_l2t_no_q,m_retention_14d,-0.383750,1000
29,B3_l2t_no_q,m_retention_1d,-0.039500,1000
29,B3_l2t_no_q,m_retention_3d,-0.113625,1000
29,B3_l2t_no_q,m_retention_7d,-0.233875,1000
29,B3_l2t_no_q,m_robust,0.889318,129
29,B3_l2t_no_q,m_transfer,0.767125,1000
29,B4_full_l2t,m_calib,0.180455,1000
29,B4_full_l2t,m_efficiency,0.003829,1000
29,B4_full_l2t,m_engage,0.839450,1000
29,B4_full_l2t,m_hint,-0.097752,1000
29,B4_full_l2t,m_inference_robust,0.248224,265
29,B4_full_l2t,m_mastery,0.382936,1000
29,B4_full_l2t,m_meta,0.057808,1000
29,B4_full_l2t,m_retention_14d,-0.385875,1000
29,B4_full_l2t,m_retention_1d,-0.039375,1000
29,B4_full_l2t,m_retention_3d,-0.116750,1000
29,B4_full_l2t,m_retention_7d,-0.235000,1000
29,B4_full_l2t,m_robust,0.884615,52
29,B4_full_l2t,m_transfer,0.769250,1000
30,B1_random,m_calib,0.169249,1000
30,B1_random,m_efficiency,0.003292,1000
30,B1_random,m_engage,0.852580,1000
30,B1_random,m_hint,-0.819281,1000
30,B1_random,m_inference_robust,0.209032,265
30,B1_random,m_mastery,0.329156,1000
30,B1_random,m_meta,0.033348,1000
30,B1_random,m_retention_14d,-0.380375,1000
30,B1_random,m_retention_1d,-0.036125,1000
30,B1_random,m_retention_3d,-0.109375,1000
30,B1_random,m_retention_7d,-0.230250,1000
30,B1_random,m_robust,0.492147,346
30,B1_random,m_transfer,0.765250,1000
30,B2_bkt,m_calib,0.134305,1000
30,B2_bkt,m_efficiency,0.003649,1000
30,B2_bkt,m_engage,1.000000,1000
30,B2_bkt,m_hint,0.000000,1000
30,B2_bkt,m_inference_robust,0.208041,265
30,B2_bkt,m_mastery,0.364870,1000
30,B2_bkt,m_meta,0.061761,1000
30,B2_bkt,m_retention_14d,-0.379375,1000
30,B2_bkt,m_retention_1d,-0.033750,1000
30,B2_bkt,m_retention_3d,-0.104250,1000
30,B2_bkt,m_retention_7d,-0.212375,1000
30,B2_bkt,m_transfer,0.741750,1000
30,B3_l2t_no_q,m_calib,0.145853,1000
30,B3_l2t_no_q,m_efficiency,0.003777,1000
30,B3_l2t_no_q,m_engage,0.824120,1000
30,B3_l2t_no_q,m_hint,-0.099274,1000
30,B3_l2t_no_q,m_inference_robust,0.155691,265
30,B3_l2t_no_q,m_mastery,0.377661,1000
30,B3_l2t_no_q,m_meta,0.046123,1000
30,B3_l2t_no_q,m_retention_14d,-0.368750,1000
30,B3_l2t_no_q,m_retention_1d,-0.029250,1000
30,B3_l2t_no_q,m_retention_3d,-0.111125,1000
30,B3_l2t_no_q,m_retention_7d,-0.224750,1000
30,B3_l2t_no_q,m_robust,0.866670,124
30,B3_l2t_no_q,m_transfer,0.760875,1000
30,B4_full_l2t,m_calib,0.168445,1000
30,B4_full_l2t,m_efficiency,0.003820,1000
30,B4_full_l2t,m_engage,0.835570,1000
30,B4_full_l2t,m_hint,-0.097222,1000
30,B4_full_l2t,m_inference_robust,0.250398,265
30,B4_full_l2t,m_mastery,0.381993,1000
30,B4_full_l2t,m_meta,0.049999,1000
30,B4_full_l2t,m_retention_14d,-0.376250,1000
30,B4_full_l2t,m_retention_1d,-0.036000,1000
30,B4_full_l2t,m_retention_3d,-0.113500,1000
30,B4_full_l2t,m_retention_7d,-0.226125,1000
30,B4_full_l2t,m_robust,0.866667,30
30,B4_full_l2t,m_transfer,0.764750,1000
